{"mean_tx": 155911720.1642, "std_dev_tx": 8152885129.346796, "iqr_tx": 142782.5, "mean_balance": 7.985635388801162, "std_dev_balance": 7.026562830776423, "iqr_balance": 13.8462177142387}