{"mean_tx": 43948704.8164, "std_dev_tx": 2335053825.9765005, "mean_balance": 9.94498964414338, "std_dev_balance": 6.120229578704107}