{"mean_tx": 23413712.7175, "std_dev_tx": 353046865.57869565, "mean_balance": 8.774618942892738, "std_dev_balance": 6.633748782545183}