{
    "mean_tx": 56764759.436,
    "std_dev_tx": 825344920.870001,
    "p25_tx": 2773.0,
    "p75_tx": 325068.0,
    "median_tx": 37215.0,
    "iqr_tx": 322295.0,
    "mean_balance": 1396252351.6887558,
    "std_dev_balance": 45849669261.231026,
    "p25_balance": 0.0,
    "p75_balance": 546566.0,
    "median_balance": 1396252351.6887558,
    "iqr_balance": 546566.0
}