{"mean_tx": 41137902.23970075, "std_dev_tx": 1091356365.3984559, "p25_tx": 6078.0, "iqr_tx": 87489.0, "mean_balance": 7.100874131372441, "std_dev_balance": 6.955989495651319, "p25_balance": 0.0, "iqr_balance": 13.157632056852323}