{
    "mean_tx": 20575248.8991,
    "std_dev_tx": 483273273.88656425,
    "p25_tx": 42030.0,
    "p75_tx": 135397.0,
    "iqr_tx": 93367.0,
    "mean_balance": 9.7120424926346,
    "std_dev_balance": 6.58412886168801,
    "p25_balance": 0.0,
    "p75_balance": 14.396742969764716,
    "iqr_balance": 14.396742969764716
}